{"cameraMode":{"drawMode":0,"name":"Shaded","section":"Shading Mode"},"sceneLighting":true,"audioPlay":false,"sceneViewState":{"m_AlwaysRefresh":false,"showFog":true,"showSkybox":true,"showFlares":true,"showImageEffects":true,"showParticleSystems":true,"showVisualEffectGraphs":true,"m_FxEnabled":true},"in2DMode":false,"pivot":{"x":3.2498838901519777,"y":2.265122413635254,"z":-9.423973083496094},"rotation":{"x":-0.24379593133926392,"y":-0.015422359108924866,"z":0.0038771270774304868,"w":-0.9696961045265198},"size":13.027122497558594,"orthographic":false}