{"cameraMode":{"drawMode":0,"name":"Shaded","section":"Shading Mode"},"sceneLighting":true,"audioPlay":false,"sceneViewState":{"m_AlwaysRefresh":false,"showFog":true,"showSkybox":true,"showFlares":true,"showImageEffects":true,"showParticleSystems":true,"showVisualEffectGraphs":true,"m_FxEnabled":true},"in2DMode":false,"pivot":{"x":-13.940247535705567,"y":1.3515748977661133,"z":-9.367778778076172},"rotation":{"x":-0.24379593133926392,"y":-0.015422359108924866,"z":0.0038771270774304868,"w":-0.9696961045265198},"size":15.078556060791016,"orthographic":false}